{
  "model_path": "scorers/global_scorers/human_like/models/global_human_like_v1.pth",
  "input_json": "datasets/scorers/IteraTeR/full_doc_level/dev.json",
  "num_documents": 853,
  "statistics": {
    "mean": 1.5403959267583849,
    "median": 1.505400538444519,
    "std": 0.44597997942651346,
    "min": 1.0001870393753052,
    "max": 9.965548515319824
  },
  "thresholds": {
    "p50": 1.505400538444519,
    "p60": 1.5824901819229125,
    "p70": 1.663636565208435,
    "p75": 1.7158986330032349,
    "p80": 1.7817182302474976,
    "p85": 1.8287408590316772,
    "p90": 1.91390392780304,
    "p95": 2.039471244812012,
    "p99": 2.3566730213165283
  },
  "percentiles": [
    50,
    60,
    70,
    75,
    80,
    85,
    90,
    95,
    99
  ]
}